-- MySQL dump 10.13  Distrib 5.7.17, for Win64 (x86_64)
--
-- Host: 178.62.119.189    Database: nncloud
-- ------------------------------------------------------
-- Server version	5.6.34

/*!40101 SET @OLD_CHARACTER_SET_CLIENT=@@CHARACTER_SET_CLIENT */;
/*!40101 SET @OLD_CHARACTER_SET_RESULTS=@@CHARACTER_SET_RESULTS */;
/*!40101 SET @OLD_COLLATION_CONNECTION=@@COLLATION_CONNECTION */;
/*!40101 SET NAMES utf8 */;
/*!40103 SET @OLD_TIME_ZONE=@@TIME_ZONE */;
/*!40103 SET TIME_ZONE='+00:00' */;
/*!40014 SET @OLD_UNIQUE_CHECKS=@@UNIQUE_CHECKS, UNIQUE_CHECKS=0 */;
/*!40014 SET @OLD_FOREIGN_KEY_CHECKS=@@FOREIGN_KEY_CHECKS, FOREIGN_KEY_CHECKS=0 */;
/*!40101 SET @OLD_SQL_MODE=@@SQL_MODE, SQL_MODE='NO_AUTO_VALUE_ON_ZERO' */;
/*!40111 SET @OLD_SQL_NOTES=@@SQL_NOTES, SQL_NOTES=0 */;

--
-- Table structure for table `activation_functions`
--

DROP TABLE IF EXISTS `activation_functions`;
/*!40101 SET @saved_cs_client     = @@character_set_client */;
/*!40101 SET character_set_client = utf8 */;
CREATE TABLE `activation_functions` (
  `id_activation_function` int(10) unsigned NOT NULL AUTO_INCREMENT,
  `id_neuron` int(10) unsigned NOT NULL,
  `function` varchar(45) DEFAULT NULL,
  `domain_rule` varchar(45) DEFAULT NULL,
  `first_derivative` varchar(90) DEFAULT NULL,
  PRIMARY KEY (`id_activation_function`,`id_neuron`),
  KEY `fk_activation_functions_neurons1_idx` (`id_neuron`),
  CONSTRAINT `fk_activation_functions_neurons1` FOREIGN KEY (`id_neuron`) REFERENCES `neurons` (`id_neuron`) ON DELETE CASCADE ON UPDATE CASCADE
) ENGINE=InnoDB AUTO_INCREMENT=471 DEFAULT CHARSET=utf8;
/*!40101 SET character_set_client = @saved_cs_client */;

--
-- Dumping data for table `activation_functions`
--

LOCK TABLES `activation_functions` WRITE;
/*!40000 ALTER TABLE `activation_functions` DISABLE KEYS */;
INSERT INTO `activation_functions` VALUES (40,40,'Tanh(x)','x>-10.0','Sech(x)^2'),(41,41,'Tanh(x)','x>-10.0','Sech(x)^2'),(42,42,'Tanh(x)','x>-10.0','Sech(x)^2'),(43,43,'Tanh(x)','x>-10.0','Sech(x)^2'),(44,44,'Tanh(x)','x>-10.0','Sech(x)^2'),(45,45,'Tanh(x)','x>-10.0','Sech(x)^2'),(46,46,'Tanh(x)','x>-10.0','Sech(x)^2'),(47,47,'Tanh(x)','x>-10.0','Sech(x)^2'),(48,48,'Tanh(x)','x>-10.0','Sech(x)^2'),(49,49,'Tanh(x)','x>-10.0','Sech(x)^2'),(50,50,'Tanh(x)','x>-10.0','Sech(x)^2'),(51,51,'Tanh(x)','x>-10.0','Sech(x)^2'),(52,52,'Tanh(x)','x>-10.0','Sech(x)^2'),(53,53,'Tanh(x)','x>-10.0','Sech(x)^2'),(54,54,'Tanh(x)','x>-10.0','Sech(x)^2'),(55,55,'Tanh(x)','x>-10.0','Sech(x)^2'),(56,56,'Tanh(x)','x>-10.0','Sech(x)^2'),(57,57,'Tanh(x)','x>-10.0','Sech(x)^2'),(58,58,'Tanh(x)','x>-10.0','Sech(x)^2'),(59,59,'Tanh(x)','x>-10.0','Sech(x)^2'),(60,60,'Tanh(x)','x>-10.0','Sech(x)^2'),(61,61,'Tanh(x)','x>-10.0','Sech(x)^2'),(62,62,'Tanh(x)','x>-10.0','Sech(x)^2'),(63,63,'Tanh(x)','x>-10.0','Sech(x)^2'),(64,64,'Tanh(x)','x>-10.0','Sech(x)^2'),(65,65,'Tanh(x)','x>-10.0','Sech(x)^2'),(418,418,'Tanh(x)','x>-10.0',NULL),(419,419,'Tanh(x)','x>-10.0',NULL),(420,420,'Tanh(x)','x>-10.0',NULL),(421,421,'Tanh(x)','x>-10.0',NULL),(422,422,'Tanh(x)','x>-10.0',NULL),(423,423,'Tanh(x)','x>-10.0',NULL),(424,424,'Tanh(x)','x>-10.0',NULL),(425,425,'Tanh(x)','x>-10.0',NULL),(426,426,'Tanh(x)','x>-10.0',NULL),(427,427,'пиздец','',''),(428,428,'пиздец','',''),(429,429,'пиздец','',''),(430,430,'пиздец','',''),(431,431,'пиздец','',''),(432,432,'пиздец','',''),(433,433,'пиздец','',''),(434,434,'пиздец','',''),(435,435,'пиздец','',''),(436,436,'пиздец','',''),(437,437,'пиздец','',''),(438,438,'Tanh(x)','x>-10.0','Sech(x)^2'),(439,439,'Tanh(x)','x>-10.0','Sech(x)^2'),(440,440,'Tanh(x)','x>-10.0','Sech(x)^2'),(441,441,'Tanh(x)','x>-10.0','Sech(x)^2'),(442,442,'Tanh(x)','x>-10.0','Sech(x)^2'),(443,443,'Tanh(x)','x>-10.0','Sech(x)^2'),(444,444,'Tanh(x)','x>-10.0','Sech(x)^2'),(445,445,'Tanh(x)','x>-10.0','Sech(x)^2'),(446,446,'Tanh(x)','x>-10.0','Sech(x)^2'),(447,447,'Tanh(x)','x>-10.0','Sech(x)^2'),(448,448,'Tanh(x)','x>-10.0','Sech(x)^2'),(449,449,'Tanh(x)','x>-10.0','Sech(x)^2'),(450,450,'Tanh(x)','x>-10.0','Sech(x)^2'),(451,451,'Tanh(x)','x>-10.0','Sech(x)^2'),(452,452,'Tanh(x)','x>-10.0','Sech(x)^2'),(453,453,'Tanh(x)','x>-10.0','Sech(x)^2'),(454,454,'Tanh(x)','x>-10.0','Sech(x)^2'),(455,455,'Tanh(x)','x>-10.0','Sech(x)^2'),(456,456,'Tanh(x)','x>-10.0','Sech(x)^2'),(457,457,'Tanh(x)','x>-10.0','Sech(x)^2'),(458,458,'Tanh(x)','x>-10.0','Sech(x)^2'),(459,459,'Tanh(x)','x>-10.0','Sech(x)^2'),(460,460,'Tanh(x)','','Sech(x)^2'),(461,461,'Tanh(x)','','Sech(x)^2'),(462,462,'Tanh(x)','','Sech(x)^2'),(463,463,'Tanh(x)','','Sech(x)^2'),(464,464,'Tanh(x)','','Sech(x)^2'),(465,465,'Tanh(x)','','Sech(x)^2'),(466,466,'Tanh(x)','','Sech(x)^2'),(467,467,'Tanh(x)','','Sech(x)^2'),(468,468,'Tanh(x)','','Sech(x)^2'),(469,469,'Tanh(x)','','Sech(x)^2'),(470,470,'Tanh(x)','','Sech(x)^2');
/*!40000 ALTER TABLE `activation_functions` ENABLE KEYS */;
UNLOCK TABLES;

--
-- Table structure for table `layers`
--

DROP TABLE IF EXISTS `layers`;
/*!40101 SET @saved_cs_client     = @@character_set_client */;
/*!40101 SET character_set_client = utf8 */;
CREATE TABLE `layers` (
  `id_layer` int(10) unsigned NOT NULL AUTO_INCREMENT,
  `id_network` int(10) unsigned NOT NULL,
  `relative_number` int(10) unsigned NOT NULL,
  PRIMARY KEY (`id_layer`,`id_network`),
  KEY `fk_layers_networks1_idx` (`id_network`),
  CONSTRAINT `fk_layers_networks1` FOREIGN KEY (`id_network`) REFERENCES `networks` (`id_network`) ON DELETE CASCADE ON UPDATE CASCADE
) ENGINE=InnoDB AUTO_INCREMENT=49 DEFAULT CHARSET=utf8;
/*!40101 SET character_set_client = @saved_cs_client */;

--
-- Dumping data for table `layers`
--

LOCK TABLES `layers` WRITE;
/*!40000 ALTER TABLE `layers` DISABLE KEYS */;
INSERT INTO `layers` VALUES (13,4,1),(14,4,2),(15,4,3),(16,4,4),(17,5,1),(18,5,2),(19,5,3),(20,5,4),(31,9,1),(32,9,2),(33,9,3),(34,10,1),(35,10,2),(36,10,3),(37,10,4),(38,11,1),(39,11,2),(40,11,3),(41,11,4),(42,12,1),(43,12,2),(44,12,3),(45,12,4),(46,13,1),(47,13,2),(48,13,3);
/*!40000 ALTER TABLE `layers` ENABLE KEYS */;
UNLOCK TABLES;

--
-- Table structure for table `networks`
--

DROP TABLE IF EXISTS `networks`;
/*!40101 SET @saved_cs_client     = @@character_set_client */;
/*!40101 SET character_set_client = utf8 */;
CREATE TABLE `networks` (
  `id_network` int(10) unsigned NOT NULL AUTO_INCREMENT,
  `id_user` int(10) unsigned NOT NULL,
  `name` varchar(45) DEFAULT NULL,
  `creation` datetime DEFAULT NULL,
  PRIMARY KEY (`id_network`,`id_user`),
  KEY `fk_networks_users_idx` (`id_user`),
  CONSTRAINT `fk_networks_users` FOREIGN KEY (`id_user`) REFERENCES `users` (`id_user`) ON DELETE CASCADE ON UPDATE CASCADE
) ENGINE=InnoDB AUTO_INCREMENT=14 DEFAULT CHARSET=utf8;
/*!40101 SET character_set_client = @saved_cs_client */;

--
-- Dumping data for table `networks`
--

LOCK TABLES `networks` WRITE;
/*!40000 ALTER TABLE `networks` DISABLE KEYS */;
INSERT INTO `networks` VALUES (4,5,'Test777','2016-12-04 00:00:00'),(5,5,'Test888','2016-12-05 00:00:00'),(9,5,'foo','2016-12-17 00:00:00'),(10,6,'AD','2016-12-26 00:00:00'),(11,6,'Tylek','2016-12-26 00:00:00'),(12,6,'Wkurza mnie ten system','2016-12-26 00:00:00'),(13,5,'Nazwa','2017-03-01 00:00:00');
/*!40000 ALTER TABLE `networks` ENABLE KEYS */;
UNLOCK TABLES;

--
-- Table structure for table `neurons`
--

DROP TABLE IF EXISTS `neurons`;
/*!40101 SET @saved_cs_client     = @@character_set_client */;
/*!40101 SET character_set_client = utf8 */;
CREATE TABLE `neurons` (
  `id_neuron` int(10) unsigned NOT NULL AUTO_INCREMENT,
  `id_layer` int(10) unsigned NOT NULL,
  PRIMARY KEY (`id_neuron`,`id_layer`),
  KEY `fk_neurons_layers1` (`id_layer`),
  CONSTRAINT `fk_neurons_layers1` FOREIGN KEY (`id_layer`) REFERENCES `layers` (`id_layer`) ON DELETE CASCADE ON UPDATE CASCADE
) ENGINE=InnoDB AUTO_INCREMENT=471 DEFAULT CHARSET=utf8;
/*!40101 SET character_set_client = @saved_cs_client */;

--
-- Dumping data for table `neurons`
--

LOCK TABLES `neurons` WRITE;
/*!40000 ALTER TABLE `neurons` DISABLE KEYS */;
INSERT INTO `neurons` VALUES (40,13),(41,13),(42,13),(43,13),(44,14),(45,14),(46,14),(47,14),(48,15),(49,15),(50,15),(51,16),(52,16),(53,17),(54,17),(55,17),(56,17),(57,18),(58,18),(59,18),(60,18),(61,19),(62,19),(63,19),(64,20),(65,20),(418,31),(419,31),(420,31),(421,32),(422,32),(423,32),(424,33),(425,33),(426,33),(427,34),(428,34),(429,34),(430,34),(431,35),(432,35),(433,35),(434,36),(435,36),(436,37),(437,37),(438,38),(439,38),(440,38),(441,38),(442,39),(443,39),(444,39),(445,40),(446,40),(447,41),(448,41),(449,42),(450,42),(451,42),(452,42),(453,43),(454,43),(455,43),(456,44),(457,44),(458,45),(459,45),(460,46),(461,46),(462,46),(463,47),(464,47),(465,47),(466,47),(467,48),(468,48),(469,48),(470,48);
/*!40000 ALTER TABLE `neurons` ENABLE KEYS */;
UNLOCK TABLES;

--
-- Table structure for table `performance_settings`
--

DROP TABLE IF EXISTS `performance_settings`;
/*!40101 SET @saved_cs_client     = @@character_set_client */;
/*!40101 SET character_set_client = utf8 */;
CREATE TABLE `performance_settings` (
  `visualisation` tinyint(1) DEFAULT NULL,
  `id_user` int(10) unsigned NOT NULL,
  PRIMARY KEY (`id_user`),
  KEY `fk_performance_settings_users2_idx` (`id_user`),
  CONSTRAINT `fk_performance_settings_users2` FOREIGN KEY (`id_user`) REFERENCES `users` (`id_user`) ON DELETE CASCADE ON UPDATE CASCADE
) ENGINE=InnoDB DEFAULT CHARSET=utf8;
/*!40101 SET character_set_client = @saved_cs_client */;

--
-- Dumping data for table `performance_settings`
--

LOCK TABLES `performance_settings` WRITE;
/*!40000 ALTER TABLE `performance_settings` DISABLE KEYS */;
/*!40000 ALTER TABLE `performance_settings` ENABLE KEYS */;
UNLOCK TABLES;

--
-- Table structure for table `synapses`
--

DROP TABLE IF EXISTS `synapses`;
/*!40101 SET @saved_cs_client     = @@character_set_client */;
/*!40101 SET character_set_client = utf8 */;
CREATE TABLE `synapses` (
  `id_synapse` int(10) unsigned NOT NULL AUTO_INCREMENT,
  `weight` double DEFAULT NULL,
  `id_neuron_out` int(10) unsigned DEFAULT NULL,
  `id_neuron_in` int(10) unsigned DEFAULT NULL,
  `value` double DEFAULT NULL,
  PRIMARY KEY (`id_synapse`),
  KEY `fk_synapses_neurons1_idx` (`id_neuron_out`),
  KEY `fk_synapses_neurons2_idx` (`id_neuron_in`),
  CONSTRAINT `fk_synapses_neurons1` FOREIGN KEY (`id_neuron_out`) REFERENCES `neurons` (`id_neuron`) ON DELETE CASCADE ON UPDATE CASCADE,
  CONSTRAINT `fk_synapses_neurons2` FOREIGN KEY (`id_neuron_in`) REFERENCES `neurons` (`id_neuron`) ON DELETE CASCADE ON UPDATE CASCADE
) ENGINE=InnoDB AUTO_INCREMENT=20524 DEFAULT CHARSET=utf8;
/*!40101 SET character_set_client = @saved_cs_client */;

--
-- Dumping data for table `synapses`
--

LOCK TABLES `synapses` WRITE;
/*!40000 ALTER TABLE `synapses` DISABLE KEYS */;
INSERT INTO `synapses` VALUES (121,0.5397070772093908,40,44,0.10787207019168808),(122,0.953899215707532,40,45,0.10787207019168808),(123,0.7294007474760758,40,46,0.10787207019168808),(124,0.12534722971721252,40,47,0.10787207019168808),(125,0.7219561972043316,NULL,40,0.15),(126,0.954150791575422,41,44,-0.1766388044677951),(127,0.05954169452433061,41,45,-0.1766388044677951),(128,0.26245298019042607,41,46,-0.1766388044677951),(129,-0.05289017910299213,41,47,-0.1766388044677951),(130,-0.23801480063175054,NULL,41,0.75),(131,1.151639057892254,42,44,-0.512405319213978),(132,0.641108541353881,42,45,-0.512405319213978),(133,0.5864864145382787,42,46,-0.512405319213978),(134,1.0748094588648325,42,47,-0.512405319213978),(135,-1.1319721005016237,NULL,42,0.5),(136,0.5731938756025813,43,44,0.4649962777360884),(137,1.0029392059778277,43,45,0.4649962777360884),(138,0.8757157716246041,43,46,0.4649962777360884),(139,0.9983314716557753,43,47,0.4649962777360884),(140,1.678890460465032,NULL,43,0.3),(141,0.9168327592546525,44,48,-0.4085701835516195),(142,-0.25966541798217435,44,49,-0.4085701835516195),(143,0.12072975419494239,44,50,-0.4085701835516195),(144,0.7034631898101138,45,48,0.22625349804239692),(145,0.884338192296855,45,49,0.22625349804239692),(146,0.7605744036917864,45,50,0.22625349804239692),(147,0.5163490413399737,46,48,0.13811990186947956),(148,0.3913560711573578,46,49,0.13811990186947956),(149,0.41724251553124136,46,50,0.13811990186947956),(150,0.4992006760016516,47,48,-0.06356791081445366),(151,0.5687090063715242,47,49,-0.06356791081445366),(152,0.5252134688653796,47,50,-0.06356791081445366),(153,-0.4631753977666323,48,51,-0.17405427782596888),(154,0.639096909860042,48,52,-0.17405427782596888),(155,0.7927000934630379,49,51,0.31319012174628486),(156,1.023323718450093,49,52,0.31319012174628486),(157,-0.12688737731143773,50,51,0.14594907098794177),(158,0.39825865096008917,50,52,0.14594907098794177),(159,0.3945451877579399,51,NULL,0.30076857221433245),(160,0.451650207797618,52,NULL,0.2611878582917178),(161,0.544420227180798,53,57,0.11574342782768195),(162,-0.17052764855307578,53,58,0.11574342782768195),(163,0.3676660125679333,53,59,0.11574342782768195),(164,0.40138658521742493,53,60,0.11574342782768195),(165,0.7750965086303881,NULL,53,0.15),(166,0.3518443686214673,54,57,0.008693303446836664),(167,0.28205963938770073,54,58,0.008693303446836664),(168,-0.4556921500712228,54,59,0.008693303446836664),(169,0.13370032294800735,54,60,0.008693303446836664),(170,0.01159136326839366,NULL,54,0.75),(171,0.8703622736316735,55,57,-0.6417538893845475),(172,1.7782834485775458,55,58,-0.6417538893845475),(173,0.5408704410696678,55,59,-0.6417538893845475),(174,0.4533469320460371,55,60,-0.6417538893845475),(175,-1.5223001840881314,NULL,55,0.5),(176,1.080845019671277,56,57,0.5094067585068301),(177,1.5156371148096943,56,58,0.5094067585068301),(178,1.4789958923257787,56,59,0.5094067585068301),(179,1.1797616442213386,56,60,0.5094067585068301),(180,1.8730943695421225,NULL,56,0.3),(181,0.3238837524061317,57,61,0.05803784004925294),(182,0.13952105280318958,57,62,0.05803784004925294),(183,0.3302042173135526,57,63,0.05803784004925294),(184,1.1202086463129226,58,61,-0.3682784489502648),(185,0.49233871609891144,58,62,-0.3682784489502648),(186,0.542679178874477,58,63,-0.3682784489502648),(187,0.07090890016191868,59,61,0.4176963498907347),(188,0.7313655879596385,59,62,0.4176963498907347),(189,0.8458961845055704,59,63,0.4176963498907347),(190,0.08928195196677916,60,61,0.34315260751644117),(191,0.7211324090283157,60,62,0.34315260751644117),(192,0.22235410590589436,60,63,0.34315260751644117),(193,-0.404406003384331,61,64,-0.32165810285319363),(194,0.39211201790702305,61,65,-0.32165810285319363),(195,0.3615738120978478,62,64,0.3624703285740843),(196,0.642172218006595,62,65,0.3624703285740843),(197,0.1632363730356876,63,64,0.2439186336660784),(198,0.7320618478852136,63,65,0.2439186336660784),(199,0.8252348136865022,64,NULL,0.2921878243366447),(200,0.8299858357674926,65,NULL,0.2777163741667965),(20381,0.745097368564875,418,421,0),(20382,0.8699045503521139,418,422,0),(20383,0.24920179620879723,418,423,0),(20384,0.8988863678451208,NULL,418,0),(20385,0.7730485765587262,419,421,0),(20386,0.21445555214472733,419,422,0),(20387,0.7302159069410289,419,423,0),(20388,0.02891535009291535,NULL,419,0),(20389,0.41796134864749934,420,421,0),(20390,0.8216769611201057,420,422,0),(20391,0.17605891223051906,420,423,0),(20392,0.8089991591682972,NULL,420,0),(20393,0.5211006728964883,421,424,0),(20394,0.2814899397515678,421,425,0),(20395,0.869432039223372,421,426,0),(20396,0.8310618041812308,422,424,0),(20397,0.9745863802230005,422,425,0),(20398,0.7408603174654637,422,426,0),(20399,0.6477836481821676,423,424,0),(20400,0.11015785900240616,423,425,0),(20401,0.8183911714954174,423,426,0),(20402,0.9896634616588315,424,NULL,0),(20403,0.26279291606995214,425,NULL,0),(20404,0.8474452569218461,426,NULL,0),(20405,0.022946977007582747,427,431,0),(20406,0.7168271962244657,427,432,0),(20407,0.7102719351334403,427,433,0),(20408,0.6065725386272887,NULL,427,0),(20409,0.7103487348442296,428,431,0),(20410,0.4056419236573532,428,432,0),(20411,0.5654926316195306,428,433,0),(20412,0.7268179931514299,NULL,428,0),(20413,0.398071439658472,429,431,0),(20414,0.5325354903600662,429,432,0),(20415,0.07669810593870319,429,433,0),(20416,0.42467942559331684,NULL,429,0),(20417,0.7904361265182788,430,431,0),(20418,0.4101884576245606,430,432,0),(20419,0.6833295721048239,430,433,0),(20420,0.6675153049327905,NULL,430,0),(20421,0.8396579645767503,431,434,0),(20422,0.9468535113822488,431,435,0),(20423,0.16076833154293657,432,434,0),(20424,0.3815320929681034,432,435,0),(20425,0.7995052172655114,433,434,0),(20426,0.7135384059507546,433,435,0),(20427,0.7179861338521787,434,436,0),(20428,0.888245766555425,434,437,0),(20429,0.6468582863740369,435,436,0),(20430,0.7008338211556278,435,437,0),(20431,0.05416365536424461,436,NULL,0),(20432,0.941313049730978,437,NULL,0),(20433,0.16007456628603722,438,442,0),(20434,0.3820882033212656,438,443,0),(20435,0.04084819873396539,438,444,0),(20436,0.3024180688072665,NULL,438,0),(20437,0.3958482063894786,439,442,0),(20438,0.2210978792370808,439,443,0),(20439,0.6864662021835808,439,444,0),(20440,0.7975210290952734,NULL,439,0),(20441,0.09898502646489782,440,442,0),(20442,0.4071792675711141,440,443,0),(20443,0.7222274566895115,440,444,0),(20444,0.7027542919208086,NULL,440,0),(20445,0.9107318471467838,441,442,0),(20446,0.2844632191293849,441,443,0),(20447,0.5483107263953779,441,444,0),(20448,0.5960269176559073,NULL,441,0),(20449,0.8930619263339806,442,445,0),(20450,0.9190113318517291,442,446,0),(20451,0.3018161035650304,443,445,0),(20452,0.7248717112272098,443,446,0),(20453,0.5665164893981748,444,445,0),(20454,0.34735409320301136,444,446,0),(20455,0.6763102407159786,445,447,0),(20456,0.04731056038771253,445,448,0),(20457,0.6403219424043375,446,447,0),(20458,0.20057134146014022,446,448,0),(20459,0.7368118106505455,447,NULL,0),(20460,0.8614725957226769,448,NULL,0),(20461,0.735579591182571,449,453,0),(20462,0.7123462899845421,449,454,0),(20463,0.5503402422808522,449,455,0),(20464,0.10605385562185865,NULL,449,0),(20465,0.952430390062565,450,453,0),(20466,0.6842293016405454,450,454,0),(20467,0.0002828569095516542,450,455,0),(20468,0.5618257185354053,NULL,450,0),(20469,0.9607540450117995,451,453,0),(20470,0.12403275811309344,451,454,0),(20471,0.6994985561195972,451,455,0),(20472,0.7950060539465225,NULL,451,0),(20473,0.12731631180396752,452,453,0),(20474,0.518377134896089,452,454,0),(20475,0.8541256565488559,452,455,0),(20476,0.37181644845288586,NULL,452,0),(20477,0.15979950458030912,453,456,0),(20478,0.395941229547917,453,457,0),(20479,0.4496067319541833,454,456,0),(20480,0.13949284391094263,454,457,0),(20481,0.439308188984999,455,456,0),(20482,0.7479820165615454,455,457,0),(20483,0.9297763572724176,456,458,0),(20484,0.11048442314828755,456,459,0),(20485,0.8872478933496633,457,458,0),(20486,0.19838624586945086,457,459,0),(20487,0.4776177417866446,458,NULL,0),(20488,0.32610934140424785,459,NULL,0),(20489,0.3228633263625553,460,463,0.11053422623241026),(20490,0.7020924230058295,460,464,0.11053422623241026),(20491,0.6681300995833347,460,465,0.11053422623241026),(20492,0.6890564454123317,460,466,0.11053422623241026),(20493,0.5549385877805558,NULL,460,0.2),(20494,0.5512115311889709,461,463,0.25242900046094213),(20495,0.8120023094678741,461,464,0.25242900046094213),(20496,0.33349109819330147,461,465,0.25242900046094213),(20497,0.08083015589123133,461,466,0.25242900046094213),(20498,0.8600181027972388,NULL,461,0.3),(20499,0.20159674124738935,462,463,0.007346888597296743),(20500,0.522489629950484,462,464,0.007346888597296743),(20501,0.9808643266040398,462,465,0.007346888597296743),(20502,0.6705425095464842,462,466,0.007346888597296743),(20503,0.018367551971720797,NULL,462,0.4),(20504,0.3734588598212396,463,467,0.1745058776457989),(20505,0.26865962027812273,463,468,0.1745058776457989),(20506,0.28205490398060173,463,469,0.1745058776457989),(20507,0.6047200258758233,463,470,0.1745058776457989),(20508,0.8522459857586794,464,467,0.27883355578016045),(20509,0.1308082033797715,464,468,0.27883355578016045),(20510,0.32977888921283516,464,469,0.27883355578016045),(20511,0.7061668876718649,464,470,0.27883355578016045),(20512,0.7740771872098585,465,467,0.163752686499769),(20513,0.946890033257532,465,468,0.163752686499769),(20514,0.6387910027542658,465,469,0.163752686499769),(20515,0.22352810257255362,465,470,0.163752686499769),(20516,0.5001195450705261,466,467,0.10114752382973342),(20517,0.7440544877921664,466,468,0.10114752382973342),(20518,0.5763252324349364,466,469,0.10114752382973342),(20519,0.6306164468665534,466,470,0.10114752382973342),(20520,0.09122210179493684,467,NULL,0.4463626249707858),(20521,0.939716395768174,468,NULL,0.303773462576553),(20522,0.42837600563819034,469,NULL,0.2950339496962028),(20523,0.874580168086977,470,NULL,0.38235828642371245);
/*!40000 ALTER TABLE `synapses` ENABLE KEYS */;
UNLOCK TABLES;

--
-- Table structure for table `users`
--

DROP TABLE IF EXISTS `users`;
/*!40101 SET @saved_cs_client     = @@character_set_client */;
/*!40101 SET character_set_client = utf8 */;
CREATE TABLE `users` (
  `id_user` int(10) unsigned NOT NULL AUTO_INCREMENT,
  `login` varchar(45) NOT NULL,
  `email` varchar(45) NOT NULL,
  `password` varchar(256) NOT NULL,
  `activated` tinyint(1) NOT NULL,
  `info_to_admin` varchar(256) DEFAULT 'No info provided',
  `session_id` varchar(64) DEFAULT NULL,
  `registered` datetime DEFAULT NULL,
  PRIMARY KEY (`id_user`),
  UNIQUE KEY `login_UNIQUE` (`login`),
  UNIQUE KEY `email_UNIQUE` (`email`)
) ENGINE=InnoDB AUTO_INCREMENT=7 DEFAULT CHARSET=utf8;
/*!40101 SET character_set_client = @saved_cs_client */;

--
-- Dumping data for table `users`
--

LOCK TABLES `users` WRITE;
/*!40000 ALTER TABLE `users` DISABLE KEYS */;
INSERT INTO `users` VALUES (1,'kowalt2','iwontgiveyou@example.com','8ec6d277272d4edb42ebcdc5d2dea8406ac6863dffdc81112a55523f9e74588f',1,'Give me an access please!','0','2015-09-20 00:00:00'),(2,'kowalt','foo@example.com','828cc4ccd2abfcd659e946ce64a37fc7dc69cd4f312f9d24eff923c7738eea4a',1,'Give me an access please!','a66acfb0997426f011830f4e68c2c3bb8a4925b8eac21cb7e8a425e06ced7526','2015-09-20 00:00:00'),(3,'kowalt3','fooo@example.com','a44ebfcf200f74a55c3d244705c9f66d8248330fbf66f050f19c1b3252123e3d',1,'Give me an access please!',NULL,'2016-10-02 00:00:00'),(4,'kowalt4','foo@fooexample.org','e569efd09109395467cc57cd4a040d6519d216130654a2380088a4a5fd66ad9b',1,'give give gib',NULL,'2016-10-02 00:00:00'),(5,'test','kowaltt@hotmail.com','9be3c5b7cde1e08c58b815aeeada40821228880b8fb477f5608837d2dc4d85a3',1,'Give me an access!!!','c3c60cd4fd8995340625e348d6251515e76b073bfe916e0eb9c705d9a38dc822','2016-10-03 00:00:00'),(6,'ad','jeeeeennnnie@gmail.com','3fd6d083155ef527dce0e38db45c73420589ef16e07eb76c83b1802195b42e00',1,'ff','872101405652093d2a1b13988e96bd2234e5613f5c67abce5eace56d7d504d73','2016-12-26 00:00:00');
/*!40000 ALTER TABLE `users` ENABLE KEYS */;
UNLOCK TABLES;
/*!40103 SET TIME_ZONE=@OLD_TIME_ZONE */;

/*!40101 SET SQL_MODE=@OLD_SQL_MODE */;
/*!40014 SET FOREIGN_KEY_CHECKS=@OLD_FOREIGN_KEY_CHECKS */;
/*!40014 SET UNIQUE_CHECKS=@OLD_UNIQUE_CHECKS */;
/*!40101 SET CHARACTER_SET_CLIENT=@OLD_CHARACTER_SET_CLIENT */;
/*!40101 SET CHARACTER_SET_RESULTS=@OLD_CHARACTER_SET_RESULTS */;
/*!40101 SET COLLATION_CONNECTION=@OLD_COLLATION_CONNECTION */;
/*!40111 SET SQL_NOTES=@OLD_SQL_NOTES */;

-- Dump completed on 2017-06-18 16:13:40
